sample,case,backend,ns_per_verification
0,valid,upstream,361109
0,valid,zakura,153963
0,invalid,upstream,169926
0,invalid,zakura,90784
1,valid,zakura,156408
1,valid,upstream,363771
1,invalid,zakura,102634
1,invalid,upstream,257720
2,valid,upstream,389935
2,valid,zakura,155569
2,invalid,upstream,214687
2,invalid,zakura,90187
3,valid,zakura,149566
3,valid,upstream,356197
3,invalid,zakura,90217
3,invalid,upstream,167192
4,valid,upstream,355971
4,valid,zakura,151662
4,invalid,upstream,165773
4,invalid,zakura,90875
5,valid,zakura,154560
5,valid,upstream,359741
5,invalid,zakura,91795
5,invalid,upstream,169874
6,valid,upstream,370812
6,valid,zakura,154551
6,invalid,upstream,167835
6,invalid,zakura,97336
7,valid,zakura,150435
7,valid,upstream,352508
7,invalid,zakura,91609
7,invalid,upstream,166199
8,valid,upstream,534366
8,valid,zakura,231711
8,invalid,upstream,171219
8,invalid,zakura,91861
9,valid,zakura,172165
9,valid,upstream,359269
9,invalid,zakura,94435
9,invalid,upstream,175259
10,valid,upstream,363330
10,valid,zakura,151276
10,invalid,upstream,166142
10,invalid,zakura,91337
11,valid,zakura,149441
11,valid,upstream,354277
11,invalid,zakura,91470
11,invalid,upstream,166280
